vendor_id,vendor_name,type,data_access,certifications,cert_expiry,breach_status,under_investigation,financial_rating,gdpr_dpa,risk_score,annual_spend_usd,contract_start,contract_end,hosting_provider,key_subprocessor
V0001,GraniteWave Cloud,Security vendor,Customer PII,none,2026-08-30,None,False,A,True,69,110000,2025-01-29,2027-01-29,Azure,Okta
V0002,OnyxGrid Technologies,Managed service provider,Customer PII,SOC2;ISO27001,2025-04-30,None,False,B,False,62,119000,2025-10-14,2028-10-13,AWS,None
V0003,DeltaPoint Software,Software vendor,Public/Marketing,none,2025-08-04,Recent,False,A+,True,68,430000,2026-01-18,2030-01-17,AWS,Twilio
V0004,AcmeVault Solutions,Managed service provider,Logs/Telemetry,ISO27001,2026-01-22,None,False,A,True,31,3390000,2025-11-26,2029-11-25,Azure,Cloudflare
V0005,CobaltPath Technologies,Backup/Storage,Logs/Telemetry,SOC2;PCI-DSS,2025-06-19,None,False,B,True,74,1685000,2025-02-10,2029-02-09,AWS,None
V0006,SterlingGuard Data,Payment processor,Customer PII,PCI-DSS,2024-12-30,None,False,A,True,38,536000,2023-07-16,2025-07-15,Azure,None
V0007,LumenGrid Partners,Cloud provider,Financial data,PCI-DSS;ISO27001,2027-03-04,None,False,D,False,76,1815000,2025-09-05,2028-09-04,AWS,Cloudflare
V0008,CobaltForge Security,Software vendor,Public/Marketing,ISO27001;SOC2,2026-05-18,None,False,C,False,29,45000,2024-06-27,2027-06-27,AWS,None
V0009,ApexGuard Cloud,Contractor/Consultant,Internal systems,none,2024-07-05,Recent,False,C,False,41,2505000,2025-05-18,2028-05-17,Azure,None
V0010,FalconFlow Data,Contractor/Consultant,Public/Marketing,ISO27001,2024-05-02,None,False,B,True,49,361000,2026-03-09,2030-03-08,Azure,Okta
V0011,VertexStone Payments,Contractor/Consultant,Internal systems,ISO27001,2026-01-13,None,False,A-,True,71,818000,2023-08-27,2026-08-26,On-prem/Other,Stripe
V0012,DeltaStone Consulting,HR platform,Internal systems,none,2025-05-02,Recent,False,A,False,34,209000,2023-10-16,2025-10-15,AWS,Twilio
V0013,HelixPath Systems,Cloud provider,Public/Marketing,SOC2;PCI-DSS,2026-04-21,None,False,A-,True,80,403000,2026-04-17,2029-04-16,AWS,None
V0014,DeltaPath Consulting,Backup/Storage,Customer PII,SOC2,2026-11-23,None,False,A+,True,19,1509000,2023-06-27,2027-06-26,AWS,None
V0015,SilverScale Consulting,Data platform,Financial data,PCI-DSS;SOC2,2027-01-05,None,False,B,True,30,224000,2024-07-17,2026-07-17,AWS,Okta
V0016,SigmaScale Cloud,Managed service provider,Public/Marketing,SOC2;PCI-DSS,2024-05-25,None,False,A-,True,39,915000,2024-12-07,2027-12-07,AWS,Stripe
V0017,HarborForge Cloud,Backup/Storage,Internal systems,SOC2;PCI-DSS,2025-10-02,None,False,A-,True,36,690000,2024-05-19,2026-05-19,Azure,None
V0018,BlueScale Consulting,Integration partner,Customer PII,none,2026-07-03,None,False,C,False,46,2335000,2023-11-28,2027-11-27,AWS,Okta
V0019,OnyxStone Payments,Integration partner,Internal systems,SOC2,2025-07-04,None,False,C,True,57,230000,2024-11-26,2028-11-25,AWS,None
V0020,SilverByte HR,Data platform,Public/Marketing,SOC2;ISO27001,2027-02-05,None,False,A-,True,51,1672000,2024-11-29,2027-11-29,AWS,None
V0021,MeridianGuard Technologies,Security vendor,Internal systems,SOC2,2025-12-26,None,False,C,True,33,374000,2024-01-24,2028-01-23,On-prem/Other,Cloudflare
V0022,CobaltLedger Partners,Data platform,Customer PII,none,2024-10-19,None,False,A+,True,87,1270000,2025-08-28,2028-08-27,GCP,Twilio
V0023,AtlasPath Consulting,Backup/Storage,Logs/Telemetry,ISO27001;PCI-DSS,2026-11-04,Old,False,A-,True,30,752000,2024-08-14,2028-08-13,AWS,Stripe
V0024,SterlingFlow Digital,Backup/Storage,Financial data,SOC2;ISO27001,2024-12-16,None,True,A-,True,31,230000,2023-11-23,2027-11-22,Azure,Stripe
V0025,AtlasLogic Security,Data platform,Logs/Telemetry,SOC2,2025-08-23,None,False,A+,False,33,703000,2024-07-25,2026-07-25,GCP,Okta
V0026,SilverScale Networks,Integration partner,Internal systems,PCI-DSS,2025-01-30,None,False,C,False,83,3595000,2026-04-10,2028-04-09,GCP,Twilio
V0027,HelixStone Software,Contractor/Consultant,Logs/Telemetry,ISO27001,2024-04-04,Old,False,B,True,92,2547000,2023-06-23,2026-06-22,GCP,None
V0028,CobaltGuard Payments,HR platform,Logs/Telemetry,PCI-DSS,2025-11-23,None,False,A,True,38,255000,2024-10-12,2027-10-12,AWS,Cloudflare
V0029,FalconByte Data,Software vendor,Financial data,ISO27001,2024-11-26,None,False,B,False,25,175000,2024-03-03,2027-03-03,AWS,Stripe
V0030,PinnaclePath Data,Backup/Storage,Logs/Telemetry,ISO27001;SOC2,2025-09-15,None,True,A,False,73,699000,2024-01-14,2028-01-13,AWS,Cloudflare
V0031,NorthVault Partners,Payment processor,Customer PII,SOC2,2024-08-24,None,False,A,True,41,794000,2024-03-06,2027-03-06,Azure,None
V0032,NorthPath Cloud,Data platform,Financial data,PCI-DSS;SOC2,2027-01-23,Old,False,B,True,71,651000,2025-06-13,2027-06-13,AWS,SendGrid
V0033,FalconShift Security,Integration partner,Internal systems,PCI-DSS;SOC2,2026-04-26,Old,False,B,False,69,4720000,2024-03-14,2027-03-14,On-prem/Other,Twilio
V0034,IronWave Data,Security vendor,Public/Marketing,SOC2,2027-01-02,None,False,C,True,54,85000,2023-06-20,2027-06-19,AWS,None
V0035,OrionPoint Data,Software vendor,Customer PII,PCI-DSS,2025-09-20,None,False,A+,False,55,3105000,2024-10-19,2027-10-19,GCP,None
V0036,IronPoint Partners,HR platform,Financial data,none,2025-05-31,None,False,A+,False,29,363000,2024-09-26,2028-09-25,Azure,Twilio
V0037,VertexGuard Data,Integration partner,Internal systems,ISO27001,2024-06-25,None,True,D,True,46,328000,2024-03-27,2027-03-27,Azure,Stripe
V0038,OrionPoint Solutions,Contractor/Consultant,Customer PII,ISO27001;SOC2,2024-03-25,Old,False,A,True,71,236000,2023-08-04,2026-08-03,Azure,Cloudflare
V0039,SummitCore Technologies,Integration partner,Financial data,SOC2;ISO27001,2026-12-24,Old,False,A-,False,48,240000,2026-03-27,2030-03-26,AWS,Cloudflare
V0040,CobaltLogic Systems,Security vendor,Financial data,none,2026-12-08,None,False,B,True,42,102000,2024-11-29,2026-11-29,Azure,Stripe
V0041,SigmaForge Digital,Managed service provider,Financial data,ISO27001;PCI-DSS,2026-11-24,None,False,A,True,64,285000,2025-11-06,2027-11-06,AWS,Cloudflare
V0042,FalconSphere Networks,Contractor/Consultant,Customer PII,PCI-DSS;ISO27001,2026-11-02,None,False,A,True,47,3090000,2025-03-12,2028-03-11,On-prem/Other,Okta
V0043,BlueLedger Security,Contractor/Consultant,Logs/Telemetry,ISO27001,2024-10-09,None,False,A-,True,37,1701000,2023-07-15,2026-07-14,On-prem/Other,Stripe
V0044,VertexGuard Consulting,Security vendor,Internal systems,PCI-DSS;ISO27001,2027-01-04,None,False,B,True,6,2046000,2023-10-29,2026-10-28,AWS,Cloudflare
V0045,VertexLogic Analytics,Integration partner,Financial data,none,2026-05-02,None,False,D,True,40,156000,2023-10-03,2025-10-02,AWS,Stripe
V0046,AtlasWind Consulting,Data platform,Internal systems,none,2024-04-30,None,False,A,False,98,2335000,2026-01-06,2028-01-06,AWS,Okta
V0047,MeridianWave Cloud,Data platform,Internal systems,SOC2,2025-06-29,None,False,B,True,99,487000,2025-08-24,2029-08-23,GCP,Cloudflare
V0048,CobaltGrid Payments,Managed service provider,Internal systems,SOC2,2025-01-31,None,False,A-,False,86,4575000,2025-07-16,2027-07-16,AWS,None
V0049,AtlasShift Payments,Cloud provider,Logs/Telemetry,PCI-DSS;ISO27001,2026-05-27,None,False,A-,False,35,962000,2024-07-01,2026-07-01,On-prem/Other,Twilio
V0050,PinnacleStone Analytics,Security vendor,Logs/Telemetry,ISO27001;SOC2,2024-06-16,Old,False,A+,True,81,1062000,2025-09-28,2028-09-27,AWS,None
V0051,GraniteByte Systems,Managed service provider,Public/Marketing,PCI-DSS,2025-01-02,None,False,B,False,75,678000,2023-07-27,2027-07-26,AWS,Okta
V0052,IronScale Digital,Data platform,Logs/Telemetry,SOC2;ISO27001,2026-04-21,None,False,A,True,20,347000,2025-12-28,2028-12-27,AWS,Stripe
V0053,LumenLedger Labs,Software vendor,Internal systems,PCI-DSS,2025-11-19,None,False,A,True,55,552000,2026-04-02,2029-04-01,GCP,SendGrid
V0054,OrionStack Solutions,HR platform,Financial data,ISO27001,2026-02-13,Old,False,B,True,80,257000,2024-03-01,2028-02-29,AWS,Twilio
V0055,LumenVault Solutions,Cloud provider,Public/Marketing,SOC2;ISO27001,2025-08-18,None,False,B,True,56,650000,2024-11-24,2028-11-23,Azure,None
V0056,AcmeStone Solutions,Security vendor,Customer PII,SOC2,2026-09-24,Recent,False,A-,True,38,388000,2025-03-06,2027-03-06,GCP,None
V0057,CobaltLedger Solutions,Data platform,Public/Marketing,ISO27001;PCI-DSS,2026-08-04,None,False,A+,True,52,3780000,2024-01-29,2028-01-28,AWS,None
V0058,HelixSync Consulting,Security vendor,Customer PII,PCI-DSS,2025-02-25,None,False,C,False,37,649000,2024-06-19,2028-06-18,AWS,Okta
V0059,ApexGrid Systems,Software vendor,Public/Marketing,ISO27001,2026-08-02,None,False,A-,True,66,3875000,2023-12-15,2027-12-14,Azure,Okta
V0060,MeridianSphere Digital,Data platform,Customer PII,SOC2;ISO27001,2024-09-28,Old,False,A+,True,68,717000,2024-03-30,2028-03-29,GCP,SendGrid
V0061,AcmePoint Systems,Backup/Storage,Internal systems,SOC2,2026-12-14,None,False,A-,True,70,864000,2025-02-21,2029-02-20,AWS,None
V0062,SilverWind Solutions,Data platform,Customer PII,none,2025-10-30,None,False,A-,True,70,149000,2026-03-22,2029-03-21,GCP,Twilio
V0063,BlueByte Data,Integration partner,Customer PII,none,2024-09-20,None,False,D,False,70,177000,2024-08-12,2027-08-12,Azure,Okta
V0064,PinnacleWave Networks,Backup/Storage,Financial data,ISO27001;SOC2,2026-11-13,None,False,A-,True,66,1728000,2024-06-25,2027-06-25,On-prem/Other,Cloudflare
V0065,AcmeWave Payments,HR platform,Public/Marketing,SOC2,2024-10-28,None,False,A-,True,40,1524000,2025-10-09,2028-10-08,AWS,SendGrid
V0066,MeridianScale Systems,Security vendor,Customer PII,none,2025-02-22,Recent,False,B,True,70,1770000,2024-06-15,2028-06-14,AWS,Stripe
V0067,DeltaStone Solutions,HR platform,Financial data,SOC2,2026-05-15,None,False,B,True,82,132000,2024-09-28,2028-09-27,AWS,Stripe
V0068,SilverSphere Consulting,HR platform,Customer PII,PCI-DSS;ISO27001,2027-01-27,None,False,B,True,76,362000,2024-05-03,2026-05-03,AWS,Okta
V0069,DeltaWind Systems,Security vendor,Customer PII,ISO27001,2026-05-09,None,False,B,True,56,919000,2026-01-04,2028-01-04,AWS,SendGrid
V0070,LumenGrid Networks,HR platform,Financial data,PCI-DSS,2026-08-06,None,False,A-,True,26,3545000,2023-07-30,2027-07-29,Azure,Okta
V0071,NorthFlow Solutions,Data platform,Logs/Telemetry,ISO27001;PCI-DSS,2026-07-25,None,False,A+,False,60,1250000,2023-07-02,2027-07-01,GCP,None
V0072,BlueGrid Cloud,Managed service provider,Customer PII,ISO27001,2024-12-19,None,False,A-,True,69,429000,2026-03-10,2029-03-09,AWS,None
V0073,OrionScale Digital,Data platform,Customer PII,PCI-DSS,2026-10-17,None,False,A-,True,42,93000,2025-08-31,2029-08-30,Azure,None
V0074,GraniteByte Technologies,Software vendor,Customer PII,SOC2,2026-10-24,None,False,B,True,67,980000,2023-10-15,2027-10-14,On-prem/Other,Cloudflare
V0075,GraniteLink Labs,Integration partner,Internal systems,ISO27001,2026-12-02,None,False,A+,True,46,866000,2024-09-11,2026-09-11,Azure,None
V0076,CedarPoint Partners,Payment processor,Logs/Telemetry,ISO27001;SOC2,2025-06-07,None,False,B,True,53,476000,2025-09-22,2028-09-21,On-prem/Other,Okta
V0077,FalconPoint Networks,Payment processor,Internal systems,ISO27001,2025-01-23,None,False,A,False,23,1785000,2025-12-08,2028-12-07,AWS,SendGrid
V0078,LumenSphere Payments,Software vendor,Customer PII,ISO27001;PCI-DSS,2025-01-14,None,False,B,False,31,332000,2024-03-11,2028-03-10,GCP,None
V0079,DeltaForge Systems,HR platform,Financial data,ISO27001,2025-07-03,None,False,A-,True,73,155000,2025-06-08,2027-06-08,AWS,None
V0080,DeltaForge Cloud,Backup/Storage,Public/Marketing,PCI-DSS,2025-02-14,None,False,B,True,44,4020000,2025-05-17,2029-05-16,AWS,Stripe
V0081,HelixSphere Solutions,Security vendor,Logs/Telemetry,SOC2,2025-07-02,Old,False,A-,True,62,2995000,2023-11-01,2026-10-31,Azure,None
V0082,QuantumFlow Security,HR platform,Public/Marketing,none,2024-07-16,Recent,False,A-,True,44,743000,2025-08-09,2028-08-08,AWS,Okta
V0083,PinnacleScale HR,Software vendor,Internal systems,SOC2,2024-11-28,None,False,B,False,57,244000,2026-02-23,2029-02-22,On-prem/Other,None
V0084,SterlingStone Solutions,Data platform,Internal systems,PCI-DSS;ISO27001,2024-09-20,None,False,A-,True,99,277000,2025-02-04,2027-02-04,Azure,None
V0085,ApexGuard Solutions,Software vendor,Customer PII,PCI-DSS,2024-09-02,None,False,B,True,27,2710000,2024-12-12,2028-12-11,AWS,Stripe
V0086,PinnacleLedger Consulting,Backup/Storage,Internal systems,PCI-DSS,2024-05-22,None,False,A,True,52,414000,2023-09-02,2025-09-01,Azure,None
V0087,HarborScale Analytics,Contractor/Consultant,Internal systems,none,2025-05-16,None,False,C,True,36,2450000,2023-08-15,2027-08-14,On-prem/Other,None
V0088,SummitStone Security,Software vendor,Customer PII,PCI-DSS;ISO27001,2024-07-31,None,False,A,True,76,307000,2024-04-20,2026-04-20,GCP,Stripe
V0089,CedarPoint HR,Data platform,Financial data,PCI-DSS,2024-06-12,None,False,A,True,51,190000,2023-11-22,2027-11-21,On-prem/Other,Twilio
V0090,NimbusCore Solutions,Managed service provider,Logs/Telemetry,ISO27001,2025-04-07,None,False,A+,False,60,644000,2023-11-13,2026-11-12,Azure,None
V0091,CedarSync Software,Security vendor,Internal systems,SOC2;ISO27001,2027-01-15,None,False,A-,True,40,144000,2025-06-11,2029-06-10,AWS,Stripe
V0092,SterlingForge Analytics,Integration partner,Internal systems,SOC2,2027-02-02,None,False,A,True,37,1900000,2025-08-23,2028-08-22,GCP,None
V0093,FalconLogic Technologies,Software vendor,Public/Marketing,PCI-DSS,2024-09-27,Old,False,C,False,99,1850000,2025-12-10,2029-12-09,Azure,None
V0094,FalconLedger Security,Integration partner,Customer PII,SOC2;PCI-DSS,2024-06-19,None,False,A-,True,40,493000,2025-07-30,2029-07-29,GCP,Okta
V0095,MeridianForge Digital,Security vendor,Logs/Telemetry,none,2025-06-16,None,False,A+,True,44,2010000,2025-04-14,2027-04-14,AWS,None
V0096,SterlingCore Labs,Software vendor,Public/Marketing,PCI-DSS,2025-08-23,Recent,False,A+,False,35,2895000,2024-10-06,2026-10-06,Azure,SendGrid
V0097,CrimsonStack Labs,Software vendor,Internal systems,ISO27001;SOC2,2027-01-28,None,False,B,True,54,800000,2023-12-20,2027-12-19,Azure,Cloudflare
V0098,ApexLogic Technologies,Security vendor,Internal systems,SOC2,2026-11-25,None,False,A-,False,36,446000,2024-05-25,2028-05-24,AWS,None
V0099,OrionVault Labs,Security vendor,Internal systems,none,2025-11-17,None,False,C,False,52,408000,2023-12-17,2025-12-16,On-prem/Other,None
V0100,DeltaLink Technologies,Security vendor,Internal systems,ISO27001,2025-07-04,None,False,A+,True,61,1064000,2023-09-28,2025-09-27,AWS,Stripe
V0101,GraniteLogic Solutions,Payment processor,Logs/Telemetry,ISO27001,2025-03-08,None,False,A-,False,30,386000,2024-09-07,2026-09-07,AWS,Cloudflare
V0102,SilverSphere Systems,Software vendor,Customer PII,ISO27001,2025-03-09,None,False,A-,True,67,1278000,2023-07-02,2025-07-01,AWS,Okta
V0103,HelixByte Partners,Data platform,Customer PII,ISO27001;SOC2,2025-01-12,Old,False,A+,True,46,1680000,2023-07-23,2027-07-22,Azure,Cloudflare
V0104,AcmeGrid Partners,Contractor/Consultant,Public/Marketing,PCI-DSS;SOC2,2024-07-29,None,False,B,False,69,1818000,2025-01-10,2029-01-09,On-prem/Other,Cloudflare
V0105,CedarByte Payments,Backup/Storage,Customer PII,SOC2;PCI-DSS,2027-02-17,None,False,A-,True,40,2424000,2023-08-30,2027-08-29,Azure,None
V0106,LumenLogic Software,Integration partner,Public/Marketing,PCI-DSS,2025-04-25,None,False,A,True,59,3560000,2024-10-27,2028-10-26,AWS,None
V0107,ApexCore Data,Software vendor,Logs/Telemetry,ISO27001,2025-09-13,None,False,B,True,11,1706000,2024-05-15,2026-05-15,AWS,Twilio
V0108,HelixShift Data,Managed service provider,Customer PII,PCI-DSS,2025-09-17,None,False,B,True,40,780000,2024-12-11,2026-12-11,Azure,Cloudflare
V0109,PinnacleLink Data,Managed service provider,Internal systems,none,2026-05-08,None,False,B,False,68,789000,2024-09-10,2027-09-10,AWS,Okta
V0110,IronPath Data,Backup/Storage,Public/Marketing,SOC2;ISO27001,2026-04-01,Old,False,C,False,36,1642000,2023-07-12,2025-07-11,On-prem/Other,None
V0111,NorthCore Partners,HR platform,Public/Marketing,ISO27001,2024-04-18,None,False,A,True,65,843000,2025-09-03,2028-09-02,AWS,Cloudflare
V0112,DeltaLink Security,Contractor/Consultant,Internal systems,PCI-DSS,2024-12-17,Recent,False,A+,True,33,425000,2025-10-08,2027-10-08,On-prem/Other,None
V0113,HelixShift Analytics,Contractor/Consultant,Logs/Telemetry,none,2025-03-21,None,False,C,True,64,1434000,2023-06-27,2027-06-26,Azure,SendGrid
V0114,IronGuard Labs,Managed service provider,Internal systems,ISO27001;PCI-DSS,2024-08-05,None,False,A+,True,63,795000,2024-12-01,2028-11-30,Azure,None
V0115,FalconSync Systems,Data platform,Customer PII,PCI-DSS;SOC2,2024-03-23,None,False,A+,True,42,749000,2023-07-25,2025-07-24,GCP,Cloudflare
V0116,PinnaclePoint Partners,Cloud provider,Internal systems,PCI-DSS;SOC2,2025-01-06,None,True,A-,True,50,607000,2025-11-23,2027-11-23,AWS,None
V0117,VertexLogic Cloud,Contractor/Consultant,Customer PII,none,2024-11-17,None,False,C,True,9,798000,2025-11-08,2029-11-07,On-prem/Other,Okta
V0118,OnyxVault Software,Software vendor,Public/Marketing,SOC2;ISO27001,2024-08-21,None,False,A,False,66,1209000,2025-01-06,2027-01-06,AWS,Okta
V0119,SigmaWave Cloud,Security vendor,Financial data,SOC2;PCI-DSS,2026-01-29,None,False,B,True,23,265000,2026-01-21,2029-01-20,AWS,Cloudflare
V0120,SterlingForge Solutions,Software vendor,Public/Marketing,PCI-DSS,2025-06-09,None,False,C,False,61,2740000,2025-01-24,2028-01-24,AWS,Okta
V0121,QuantumGrid Software,Managed service provider,Public/Marketing,PCI-DSS;ISO27001,2024-04-17,None,False,C,False,63,1497000,2024-12-14,2026-12-14,AWS,None
V0122,OnyxGrid Digital,Payment processor,Customer PII,SOC2,2025-05-20,None,False,B,False,67,109000,2025-03-27,2027-03-27,AWS,SendGrid
V0123,SummitStack Data,Backup/Storage,Customer PII,ISO27001,2025-07-15,Old,True,A-,True,99,779000,2023-08-15,2025-08-14,Azure,None
V0124,NimbusCore Digital,Managed service provider,Internal systems,ISO27001,2024-05-11,Recent,False,B,True,32,2475000,2024-07-05,2026-07-05,AWS,Stripe
V0125,SterlingWind Solutions,Payment processor,Internal systems,ISO27001;SOC2,2026-02-19,None,False,B,False,63,3580000,2024-05-30,2027-05-30,Azure,Cloudflare
V0126,HelixLedger Data,Security vendor,Customer PII,ISO27001;SOC2,2026-11-27,None,False,A,True,31,852000,2026-01-12,2028-01-12,AWS,None
V0127,NorthFlow Software,Managed service provider,Customer PII,PCI-DSS,2024-07-11,None,True,C,True,31,557000,2024-10-06,2028-10-05,On-prem/Other,Okta
V0128,HarborLedger Systems,Data platform,Internal systems,PCI-DSS,2024-04-13,None,False,B,True,47,190000,2024-03-18,2027-03-18,AWS,Twilio
V0129,VertexStone Systems,Integration partner,Financial data,PCI-DSS,2027-03-08,None,False,C,True,68,594000,2025-10-08,2029-10-07,On-prem/Other,Twilio
V0130,CrimsonLogic Solutions,Cloud provider,Customer PII,PCI-DSS;SOC2,2026-03-25,Old,False,A,True,28,616000,2025-06-30,2029-06-29,GCP,None
V0131,CrimsonVault Consulting,Data platform,Financial data,SOC2;PCI-DSS,2024-06-05,None,False,D,True,63,363000,2024-01-30,2027-01-29,AWS,Twilio
V0132,OrionPath Digital,Integration partner,Internal systems,SOC2;ISO27001,2025-11-08,None,False,A+,False,60,404000,2025-06-10,2029-06-09,AWS,Stripe
V0133,HelixSync Security,Contractor/Consultant,Customer PII,ISO27001,2024-05-12,None,True,B,True,46,2454000,2024-06-26,2027-06-26,On-prem/Other,None
V0134,IronStack Software,Software vendor,Financial data,none,2025-07-19,None,False,A-,False,59,460000,2024-10-03,2027-10-03,AWS,None
V0135,DeltaLogic Partners,HR platform,Internal systems,none,2027-03-14,Old,False,D,True,25,465000,2024-06-05,2027-06-05,GCP,None
V0136,NimbusSphere Data,Software vendor,Financial data,ISO27001;PCI-DSS,2024-06-25,Old,False,A,False,27,400000,2024-09-24,2027-09-24,AWS,None
V0137,QuantumPath Cloud,Data platform,Internal systems,ISO27001;PCI-DSS,2026-11-06,Recent,False,B,True,32,1625000,2024-12-12,2027-12-12,Azure,None
V0138,SilverLogic Partners,Integration partner,Internal systems,PCI-DSS;ISO27001,2027-01-11,None,False,A-,False,64,1869000,2025-10-29,2027-10-29,Azure,SendGrid
V0139,BlueStack Consulting,Backup/Storage,Financial data,ISO27001;SOC2,2027-03-06,None,False,B,True,51,3020000,2025-01-24,2028-01-24,AWS,Cloudflare
V0140,SterlingSync Cloud,Managed service provider,Customer PII,SOC2;PCI-DSS,2026-06-10,None,False,B,True,26,548000,2023-08-06,2026-08-05,AWS,Stripe
V0141,ApexStone Security,Backup/Storage,Customer PII,SOC2,2026-04-25,Old,False,A,True,26,588000,2023-11-30,2026-11-29,AWS,Stripe
V0142,PinnacleVault Cloud,Backup/Storage,Public/Marketing,ISO27001,2025-01-20,None,False,A,True,49,785000,2025-12-14,2029-12-13,AWS,None
V0143,HelixWave Solutions,Backup/Storage,Internal systems,ISO27001;PCI-DSS,2025-01-13,None,False,A-,True,67,3685000,2024-08-20,2028-08-19,Azure,SendGrid
V0144,AcmeLedger Analytics,Backup/Storage,Internal systems,SOC2,2025-01-31,None,False,A,False,29,2175000,2025-05-02,2029-05-01,AWS,Twilio
V0145,SilverStone Payments,Contractor/Consultant,Customer PII,none,2025-01-30,Old,False,A,True,21,1484000,2023-10-25,2026-10-24,AWS,None
V0146,IronPath Solutions,Software vendor,Internal systems,ISO27001;SOC2,2026-08-06,None,False,A-,False,52,570000,2026-01-26,2030-01-25,AWS,Twilio
V0147,GraniteGuard Solutions,Data platform,Customer PII,SOC2,2024-10-09,Recent,False,B,True,57,3085000,2024-05-03,2028-05-02,Azure,Stripe
V0148,SummitStone Partners,Contractor/Consultant,Customer PII,ISO27001,2025-08-05,None,False,D,False,39,2808000,2025-10-08,2027-10-08,On-prem/Other,None
V0149,SterlingByte Technologies,Software vendor,Financial data,PCI-DSS,2025-01-12,None,False,C,True,49,184000,2025-10-13,2028-10-12,Azure,Twilio
V0150,MeridianLink Partners,Cloud provider,Logs/Telemetry,PCI-DSS;ISO27001,2025-03-24,Recent,False,A,True,72,476000,2023-11-24,2025-11-23,AWS,Stripe
V0151,SterlingStack Payments,Managed service provider,Financial data,SOC2;PCI-DSS,2026-09-05,None,False,D,False,97,466000,2023-09-30,2025-09-29,On-prem/Other,Stripe
V0152,GraniteCore Labs,Data platform,Public/Marketing,none,2025-03-19,None,False,B,True,56,920000,2026-01-05,2029-01-04,Azure,None
V0153,VertexWave Cloud,Software vendor,Customer PII,PCI-DSS,2024-09-27,None,False,B,True,76,1450000,2025-07-25,2028-07-24,AWS,Stripe
V0154,NimbusSync HR,Contractor/Consultant,Financial data,SOC2;PCI-DSS,2026-11-07,None,True,A-,True,5,915000,2023-11-02,2026-11-01,Azure,Okta
V0155,SummitScale HR,Software vendor,Logs/Telemetry,ISO27001,2025-04-07,Old,False,C,True,62,269000,2024-09-15,2028-09-14,AWS,None
V0156,SilverForge Technologies,Security vendor,Customer PII,none,2025-11-22,None,False,A-,True,64,1336000,2025-11-27,2029-11-26,GCP,Okta
V0157,CedarStack Digital,Integration partner,Internal systems,SOC2;PCI-DSS,2026-11-09,None,False,A-,True,95,1066000,2024-09-12,2028-09-11,Azure,None
V0158,GranitePath Software,HR platform,Customer PII,PCI-DSS,2026-02-04,Old,False,C,True,29,415000,2025-12-07,2028-12-06,Azure,None
V0159,VertexGrid Systems,Managed service provider,Internal systems,PCI-DSS,2026-04-02,None,False,C,False,48,550000,2024-11-07,2026-11-07,AWS,None
V0160,AcmeWind Analytics,Security vendor,Customer PII,none,2026-10-21,None,False,C,True,40,526000,2025-05-15,2028-05-14,AWS,None
V0161,AcmeGuard Data,Managed service provider,Customer PII,SOC2;PCI-DSS,2024-08-03,None,False,B,True,73,581000,2023-12-15,2025-12-14,AWS,Stripe
V0162,VertexStack Analytics,Software vendor,Internal systems,none,2025-12-25,Recent,False,A+,True,97,170000,2023-09-12,2026-09-11,GCP,Twilio
V0163,OrionFlow Solutions,Payment processor,Financial data,ISO27001,2025-03-03,None,False,A,True,53,2379000,2024-12-05,2026-12-05,AWS,Stripe
V0164,FalconWind Analytics,Cloud provider,Internal systems,PCI-DSS;ISO27001,2026-08-27,None,False,C,False,38,1036000,2025-12-20,2027-12-20,Azure,Okta
V0165,AtlasGrid Data,Data platform,Internal systems,PCI-DSS;SOC2,2024-05-26,None,False,C,True,75,1386000,2025-07-28,2027-07-28,AWS,None
V0166,DeltaLink Analytics,Managed service provider,Customer PII,SOC2;PCI-DSS,2026-05-13,None,False,A-,True,63,431000,2025-08-17,2029-08-16,AWS,None
V0167,AcmeScale Labs,Security vendor,Financial data,PCI-DSS;SOC2,2026-01-11,Recent,False,A,False,64,420000,2026-01-11,2030-01-10,AWS,None
V0168,HelixPath Data,Payment processor,Customer PII,none,2026-06-14,None,False,B,True,60,148000,2025-03-12,2028-03-11,AWS,SendGrid
V0169,CobaltScale Cloud,Data platform,Customer PII,SOC2,2026-09-20,Recent,False,A-,True,49,132000,2025-05-12,2029-05-11,AWS,None
V0170,PinnacleLedger Analytics,Software vendor,Customer PII,SOC2,2027-01-16,None,False,A+,True,57,1585000,2023-07-05,2026-07-04,GCP,Cloudflare
V0171,PinnacleFlow Consulting,Data platform,Internal systems,PCI-DSS,2027-02-16,Old,False,A-,True,36,734000,2023-06-28,2026-06-27,AWS,Okta
V0172,HarborShift Cloud,Security vendor,Internal systems,PCI-DSS,2025-12-06,Old,False,A+,False,71,1305000,2024-10-23,2028-10-22,GCP,None
V0173,IronStack Payments,Data platform,Financial data,SOC2;PCI-DSS,2025-11-28,None,False,A,False,37,735000,2024-05-01,2028-04-30,Azure,Cloudflare
V0174,MeridianPath Solutions,Software vendor,Customer PII,none,2026-01-03,None,False,C,False,10,643000,2025-03-05,2027-03-05,AWS,Okta
V0175,BlueWind Labs,Payment processor,Public/Marketing,PCI-DSS;ISO27001,2026-10-30,None,False,B,True,44,345000,2025-07-16,2027-07-16,Azure,Stripe
V0176,NimbusLedger Data,Data platform,Internal systems,ISO27001;SOC2,2026-04-02,None,False,B,False,57,145000,2025-04-23,2029-04-22,AWS,None
V0177,SigmaStack Cloud,Software vendor,Financial data,PCI-DSS;SOC2,2026-08-26,Old,False,A-,True,51,186000,2025-10-22,2029-10-21,Azure,None
V0178,SummitGuard Data,Cloud provider,Customer PII,none,2027-03-25,None,False,A-,False,37,370000,2023-12-26,2026-12-25,GCP,Stripe
V0179,HarborStack Consulting,Security vendor,Customer PII,SOC2,2025-08-01,None,False,A-,False,66,358000,2025-11-19,2029-11-18,On-prem/Other,None
V0180,MeridianWind Digital,Data platform,Customer PII,SOC2;PCI-DSS,2026-09-01,None,False,A+,True,63,1456000,2024-10-25,2028-10-24,AWS,Twilio
V0181,MeridianByte Cloud,Integration partner,Financial data,PCI-DSS,2024-07-17,None,True,C,True,59,499000,2025-08-28,2028-08-27,GCP,Cloudflare
V0182,GranitePath Digital,Software vendor,Public/Marketing,ISO27001,2026-12-26,None,False,B,True,66,872000,2024-10-18,2028-10-17,AWS,None
V0183,SigmaStack Technologies,Payment processor,Logs/Telemetry,ISO27001;PCI-DSS,2025-11-30,None,False,C,True,77,1797000,2025-06-24,2027-06-24,On-prem/Other,Cloudflare
V0184,SummitFlow Labs,Cloud provider,Customer PII,SOC2;PCI-DSS,2025-10-15,None,False,A,True,33,104000,2024-02-17,2028-02-16,AWS,Stripe
V0185,NorthSphere Partners,Payment processor,Financial data,SOC2,2026-09-03,Old,False,B,True,65,2748000,2024-05-17,2027-05-17,AWS,SendGrid
V0186,QuantumShift Digital,Software vendor,Internal systems,SOC2;ISO27001,2025-05-18,None,False,A-,False,61,580000,2024-03-20,2026-03-20,AWS,None
V0187,FalconWave Payments,Software vendor,Financial data,ISO27001;PCI-DSS,2024-11-24,None,False,A-,True,10,1546000,2023-08-03,2027-08-02,GCP,None
V0188,ApexForge Digital,Software vendor,Public/Marketing,SOC2;PCI-DSS,2026-02-26,Recent,False,A,True,67,270000,2026-02-13,2029-02-12,AWS,Stripe
V0189,HelixForge Digital,HR platform,Customer PII,none,2025-02-23,None,False,C,True,73,1119000,2024-05-16,2026-05-16,GCP,Twilio
V0190,NorthVault Cloud,Software vendor,Internal systems,SOC2;PCI-DSS,2026-01-28,None,False,B,True,46,900000,2026-04-03,2029-04-02,On-prem/Other,SendGrid
V0191,CobaltSphere Security,Data platform,Logs/Telemetry,ISO27001;PCI-DSS,2025-02-14,Recent,False,B,False,55,2577000,2024-01-29,2028-01-28,AWS,Cloudflare
V0192,OrionPath Consulting,HR platform,Customer PII,ISO27001;SOC2,2025-05-08,Old,False,C,False,68,282000,2024-08-18,2026-08-18,AWS,None
V0193,HarborSphere Digital,Backup/Storage,Internal systems,PCI-DSS;ISO27001,2025-07-30,None,False,A-,False,47,3000000,2025-03-29,2028-03-28,Azure,Twilio
V0194,LumenSync Software,Contractor/Consultant,Customer PII,PCI-DSS;SOC2,2025-08-03,None,False,A,False,55,757000,2025-04-12,2029-04-11,GCP,Twilio
V0195,PinnacleLink Analytics,Contractor/Consultant,Customer PII,ISO27001;SOC2,2026-11-02,None,False,A-,False,74,960000,2023-12-27,2025-12-26,On-prem/Other,None
V0196,HelixByte Analytics,Data platform,Customer PII,none,2025-05-15,None,False,A,True,72,370000,2026-04-12,2029-04-11,AWS,None
V0197,MeridianScale Labs,HR platform,Internal systems,ISO27001,2025-01-31,None,False,A,False,46,790000,2025-03-27,2027-03-27,Azure,SendGrid
V0198,OrionCore Labs,Software vendor,Internal systems,SOC2,2026-12-24,None,False,A-,False,5,2735000,2024-05-30,2027-05-30,GCP,None
V0199,OrionFlow Labs,Data platform,Public/Marketing,SOC2,2025-12-23,None,False,C,True,49,141000,2024-04-01,2028-03-31,Azure,Okta
V0200,OnyxSphere Cloud,HR platform,Customer PII,none,2027-02-15,None,False,A,True,25,808000,2025-08-11,2029-08-10,AWS,None
V0201,NorthCore Digital,Backup/Storage,Internal systems,PCI-DSS,2026-06-20,None,False,A,True,24,131000,2025-09-16,2028-09-15,AWS,Twilio
V0202,SummitSync Data,Integration partner,Customer PII,SOC2,2024-07-16,None,True,A+,True,49,530000,2025-09-07,2029-09-06,Azure,Okta
V0203,DeltaWave HR,Contractor/Consultant,Customer PII,ISO27001;PCI-DSS,2024-08-19,None,False,A+,False,79,835000,2024-07-20,2027-07-20,On-prem/Other,None
V0204,LumenLedger Analytics,Contractor/Consultant,Financial data,PCI-DSS,2026-09-18,None,False,B,True,24,425000,2024-01-23,2027-01-22,On-prem/Other,None
V0205,SterlingStone Payments,Software vendor,Financial data,PCI-DSS,2024-10-11,None,False,A-,True,48,4580000,2025-07-28,2028-07-27,On-prem/Other,Okta
V0206,CobaltLink Cloud,Backup/Storage,Internal systems,PCI-DSS;SOC2,2025-05-04,None,False,B,False,55,336000,2023-11-17,2027-11-16,Azure,Cloudflare
V0207,SterlingPath HR,Data platform,Customer PII,SOC2,2024-05-26,Recent,False,A,True,57,686000,2024-12-14,2027-12-14,On-prem/Other,Okta
V0208,CedarGuard Systems,Managed service provider,Logs/Telemetry,ISO27001,2024-09-23,None,False,A-,False,46,3420000,2026-03-16,2028-03-15,AWS,Okta
V0209,HarborSphere Partners,HR platform,Public/Marketing,PCI-DSS,2024-09-04,Old,False,A,False,65,708000,2023-08-27,2027-08-26,Azure,None
V0210,IronWind Analytics,Contractor/Consultant,Internal systems,PCI-DSS;ISO27001,2026-08-22,None,False,C,True,56,856000,2024-01-04,2026-01-03,On-prem/Other,Okta
V0211,HarborFlow Data,Contractor/Consultant,Logs/Telemetry,none,2026-07-18,None,False,B,False,24,525000,2026-04-13,2030-04-12,Azure,Stripe
V0212,SigmaLedger Data,Payment processor,Logs/Telemetry,none,2025-01-23,None,False,B,True,10,531000,2024-02-24,2027-02-23,On-prem/Other,None
V0213,NimbusCore Networks,Security vendor,Customer PII,PCI-DSS,2024-05-12,None,False,B,False,72,1986000,2025-01-31,2027-01-31,AWS,None
V0214,SterlingLedger Software,Payment processor,Internal systems,ISO27001;PCI-DSS,2024-11-23,None,False,A,False,27,921000,2023-12-08,2025-12-07,Azure,Okta
V0215,SummitShift Security,Security vendor,Public/Marketing,SOC2;PCI-DSS,2025-07-31,None,False,A-,False,38,2709000,2025-01-17,2029-01-16,Azure,Stripe
V0216,FalconCore Data,Backup/Storage,Public/Marketing,PCI-DSS,2025-06-25,Old,False,A-,True,69,1360000,2025-03-02,2029-03-01,GCP,None
V0217,GraniteSync Security,Payment processor,Logs/Telemetry,PCI-DSS,2026-02-24,None,False,A,True,46,767000,2025-08-20,2028-08-19,AWS,Twilio
V0218,CobaltWind Analytics,Managed service provider,Public/Marketing,none,2025-06-05,None,False,A+,False,40,3225000,2024-08-13,2027-08-13,GCP,Cloudflare
V0219,AtlasGuard Labs,Payment processor,Logs/Telemetry,PCI-DSS,2024-03-23,None,False,A-,True,73,384000,2024-08-28,2026-08-28,On-prem/Other,SendGrid
V0220,SigmaWind Systems,Backup/Storage,Financial data,PCI-DSS;SOC2,2027-01-05,None,False,A-,True,32,410000,2024-11-12,2028-11-11,Azure,Okta
V0221,AtlasForge Networks,Managed service provider,Customer PII,ISO27001;SOC2,2026-09-12,None,False,A-,True,49,230000,2025-02-09,2029-02-08,AWS,Okta
V0222,DeltaGrid Consulting,Security vendor,Customer PII,SOC2;ISO27001,2025-05-17,None,False,C,True,51,828000,2024-11-22,2028-11-21,AWS,None
V0223,HelixVault Digital,Contractor/Consultant,Financial data,none,2027-03-15,None,False,A-,True,52,4415000,2025-11-24,2028-11-23,On-prem/Other,None
V0224,SigmaPoint Digital,Integration partner,Internal systems,PCI-DSS,2026-01-01,None,False,B,False,25,951000,2025-06-30,2028-06-29,Azure,None
V0225,OrionWind Software,Data platform,Customer PII,none,2025-01-09,None,False,A,True,40,1835000,2025-02-12,2028-02-12,GCP,None
V0226,SilverShift Technologies,Software vendor,Internal systems,SOC2,2024-08-25,None,False,D,True,83,415000,2024-11-24,2026-11-24,AWS,Cloudflare
V0227,LumenGuard Systems,Contractor/Consultant,Customer PII,ISO27001,2024-09-16,None,False,B,True,47,1164000,2024-07-13,2027-07-13,On-prem/Other,None
V0228,CobaltSync Labs,Backup/Storage,Financial data,ISO27001,2025-03-23,None,False,A-,True,41,194000,2025-11-05,2028-11-04,GCP,Okta
V0229,GraniteScale Data,Cloud provider,Customer PII,SOC2,2024-12-18,None,False,B,False,67,1494000,2025-06-21,2028-06-20,AWS,None
V0230,SterlingPoint Software,Managed service provider,Financial data,PCI-DSS,2025-11-23,Recent,False,B,True,55,2145000,2025-05-17,2029-05-16,AWS,Okta
V0231,SterlingLogic Analytics,Cloud provider,Logs/Telemetry,ISO27001,2025-03-01,None,False,A,False,16,990000,2023-10-03,2025-10-02,AWS,SendGrid
V0232,GraniteShift Payments,Security vendor,Internal systems,ISO27001,2025-02-10,None,False,A-,False,48,544000,2024-11-22,2027-11-22,On-prem/Other,Twilio
V0233,OrionLogic Security,Managed service provider,Internal systems,SOC2,2024-10-08,None,False,A,False,43,176000,2024-04-10,2028-04-09,Azure,Okta
V0234,DeltaWave Networks,Backup/Storage,Internal systems,PCI-DSS,2024-12-06,None,False,B,True,41,1863000,2025-05-27,2027-05-27,Azure,Okta
V0235,CobaltLedger Software,Data platform,Internal systems,SOC2,2025-08-24,Old,False,C,True,34,378000,2025-01-27,2028-01-27,Azure,None
V0236,LumenForge Solutions,Software vendor,Internal systems,PCI-DSS;SOC2,2025-12-12,None,False,A+,True,37,222000,2023-06-24,2027-06-23,AWS,Okta
V0237,SilverSphere Cloud,Data platform,Internal systems,SOC2;ISO27001,2026-07-04,Recent,False,B,True,99,3395000,2023-11-20,2027-11-19,AWS,None
V0238,HarborLogic Security,Security vendor,Financial data,PCI-DSS;SOC2,2024-11-06,None,False,A,True,52,946000,2025-11-01,2028-10-31,Azure,Cloudflare
V0239,DeltaWind Partners,Payment processor,Internal systems,SOC2,2025-06-19,None,False,B,False,28,890000,2023-12-06,2027-12-05,AWS,Twilio
V0240,PinnaclePath Security,Payment processor,Customer PII,ISO27001,2025-10-24,Old,False,B,False,63,2110000,2025-07-13,2029-07-12,AWS,Twilio
V0241,AcmeFlow Software,Integration partner,Financial data,PCI-DSS,2026-12-11,None,False,A+,True,60,497000,2023-11-12,2025-11-11,AWS,Twilio
V0242,CedarVault Partners,HR platform,Customer PII,SOC2;PCI-DSS,2024-06-18,None,False,A-,True,52,4190000,2024-09-13,2026-09-13,AWS,Cloudflare
V0243,QuantumStone Analytics,Software vendor,Customer PII,ISO27001,2024-12-29,None,False,B,True,31,3675000,2025-12-02,2027-12-02,Azure,None
V0244,OrionShift Technologies,HR platform,Customer PII,PCI-DSS;SOC2,2025-10-09,None,False,A-,True,39,267000,2023-06-26,2026-06-25,AWS,Okta
V0245,OnyxStack Solutions,Backup/Storage,Public/Marketing,SOC2,2025-05-01,Old,False,D,False,26,508000,2025-08-26,2028-08-25,AWS,SendGrid
V0246,IronLink Digital,Data platform,Internal systems,none,2025-10-04,None,False,A-,True,58,3905000,2024-05-21,2026-05-21,Azure,Okta
V0247,CrimsonShift Labs,Data platform,Internal systems,ISO27001;SOC2,2025-12-02,None,False,A+,False,55,871000,2024-04-22,2026-04-22,GCP,Okta
V0248,MeridianSphere Cloud,Security vendor,Internal systems,none,2024-07-13,None,False,A-,True,64,2712000,2024-10-06,2027-10-06,AWS,None
V0249,SigmaStack Labs,Cloud provider,Logs/Telemetry,PCI-DSS,2027-01-20,None,False,A,True,47,730000,2023-09-22,2026-09-21,Azure,Okta
V0250,NimbusSync Partners,Data platform,Customer PII,ISO27001,2024-08-04,Old,False,A-,True,40,525000,2023-12-05,2025-12-04,AWS,None
V0251,HelixLedger Partners,Software vendor,Internal systems,SOC2,2025-09-21,Recent,False,D,False,60,840000,2023-08-27,2025-08-26,AWS,Cloudflare
V0252,AtlasPath Data,Contractor/Consultant,Internal systems,PCI-DSS,2026-12-20,None,False,A,True,41,235000,2024-11-17,2027-11-17,On-prem/Other,None
V0253,OnyxShift Analytics,Cloud provider,Customer PII,PCI-DSS;SOC2,2026-04-04,Old,False,D,False,41,2360000,2025-11-12,2028-11-11,Azure,Cloudflare
V0254,GraniteLink Digital,HR platform,Internal systems,SOC2;PCI-DSS,2026-04-30,None,False,A-,False,73,1565000,2024-10-21,2028-10-20,Azure,Twilio
V0255,OrionStack Software,Data platform,Financial data,SOC2,2026-07-14,None,False,C,True,80,230000,2025-05-15,2028-05-14,AWS,Okta
V0256,NorthVault Software,Security vendor,Customer PII,SOC2,2026-10-06,None,False,A,False,40,249000,2024-12-01,2028-11-30,AWS,SendGrid
V0257,NorthStone Consulting,Contractor/Consultant,Public/Marketing,ISO27001;PCI-DSS,2024-09-27,None,False,A-,True,26,1322000,2023-11-13,2027-11-12,Azure,None
V0258,VertexPoint Solutions,Integration partner,Customer PII,SOC2,2024-04-20,Recent,False,C,True,45,308000,2023-09-04,2027-09-03,AWS,None
V0259,NorthGrid Security,Contractor/Consultant,Customer PII,none,2025-02-20,None,False,A-,True,38,3845000,2024-02-13,2027-02-12,On-prem/Other,SendGrid
V0260,SilverShift Solutions,HR platform,Internal systems,SOC2,2026-11-07,None,False,A-,True,57,2405000,2023-10-07,2026-10-06,Azure,Cloudflare
V0261,OnyxWind Labs,Data platform,Customer PII,none,2024-10-11,None,False,B,True,65,445000,2024-07-22,2027-07-22,On-prem/Other,Cloudflare
V0262,SigmaByte Cloud,Contractor/Consultant,Financial data,SOC2,2026-02-27,Recent,False,D,True,70,1726000,2026-03-27,2028-03-26,On-prem/Other,Stripe
V0263,BlueFlow Networks,Backup/Storage,Customer PII,SOC2;ISO27001,2025-01-20,None,False,A-,True,39,777000,2025-08-14,2028-08-13,AWS,Twilio
V0264,LumenFlow Systems,Software vendor,Financial data,none,2025-09-08,None,False,B,True,77,24000,2026-01-25,2030-01-24,GCP,Cloudflare
V0265,VertexGuard Labs,Managed service provider,Internal systems,PCI-DSS,2026-11-25,None,False,B,False,41,514000,2024-12-31,2027-12-31,On-prem/Other,None
V0266,HelixFlow Cloud,Backup/Storage,Financial data,none,2027-01-06,None,False,A-,True,18,570000,2023-07-23,2025-07-22,Azure,Cloudflare
V0267,SilverPath Labs,Cloud provider,Customer PII,ISO27001,2025-03-06,None,False,B,True,19,649000,2024-04-06,2028-04-05,AWS,None
V0268,CedarFlow Software,Backup/Storage,Logs/Telemetry,ISO27001,2025-06-05,None,False,C,True,50,550000,2025-12-06,2027-12-06,GCP,Okta
V0269,MeridianFlow Systems,Cloud provider,Internal systems,ISO27001,2024-04-15,None,False,C,True,65,435000,2026-03-26,2028-03-25,Azure,None
V0270,GraniteStone Analytics,Payment processor,Public/Marketing,ISO27001,2026-11-28,Recent,False,A-,True,56,766000,2025-11-28,2028-11-27,AWS,Twilio
V0271,IronPath Digital,Software vendor,Internal systems,PCI-DSS,2026-03-26,None,False,A,True,51,1143000,2023-09-25,2027-09-24,Azure,None
V0272,CedarForge Analytics,HR platform,Internal systems,ISO27001,2025-06-20,None,False,A-,True,17,437000,2023-11-22,2027-11-21,AWS,Twilio
V0273,HelixPoint Digital,Cloud provider,Customer PII,SOC2,2024-05-01,None,False,C,False,99,891000,2024-07-16,2026-07-16,GCP,None
V0274,AtlasPath Partners,Data platform,Customer PII,none,2025-03-29,None,False,A-,False,54,810000,2024-12-30,2027-12-30,GCP,Okta
V0275,DeltaScale Data,Contractor/Consultant,Internal systems,PCI-DSS,2026-09-13,None,False,C,False,48,813000,2025-12-28,2028-12-27,AWS,Stripe
V0276,IronSphere HR,Cloud provider,Logs/Telemetry,ISO27001,2024-04-18,None,False,B,True,25,349000,2023-06-28,2027-06-27,AWS,Okta
V0277,HelixSphere Partners,Managed service provider,Customer PII,ISO27001,2026-05-28,None,False,A,True,46,566000,2025-10-29,2028-10-28,Azure,None
V0278,OnyxFlow Networks,Integration partner,Internal systems,PCI-DSS,2024-04-18,None,False,A-,True,49,692000,2025-10-20,2027-10-20,Azure,Stripe
V0279,SilverWind Security,Contractor/Consultant,Public/Marketing,ISO27001,2026-06-02,None,False,A,False,55,790000,2025-10-28,2027-10-28,On-prem/Other,SendGrid
V0280,ApexWind Analytics,Backup/Storage,Customer PII,SOC2,2025-05-17,None,False,A,True,82,574000,2024-11-08,2028-11-07,AWS,None
V0281,LumenForge Cloud,Contractor/Consultant,Customer PII,PCI-DSS,2025-09-18,None,False,A,True,71,693000,2024-04-14,2026-04-14,AWS,SendGrid
V0282,FalconWave HR,Contractor/Consultant,Public/Marketing,SOC2,2026-02-13,None,False,B,True,53,185000,2026-01-30,2028-01-30,On-prem/Other,Cloudflare
V0283,LumenSync Analytics,HR platform,Customer PII,PCI-DSS;ISO27001,2026-11-21,None,False,B,True,80,583000,2024-09-25,2026-09-25,AWS,None
V0284,CedarForge Consulting,HR platform,Internal systems,SOC2,2026-05-19,None,False,B,False,28,1056000,2023-10-15,2027-10-14,AWS,SendGrid
V0285,SummitByte Solutions,Backup/Storage,Public/Marketing,ISO27001;SOC2,2026-05-08,None,False,D,False,61,874000,2025-06-27,2029-06-26,AWS,Twilio
V0286,ApexPoint Data,Data platform,Public/Marketing,ISO27001;SOC2,2026-03-08,None,False,A,False,48,1938000,2024-10-22,2028-10-21,Azure,Twilio
V0287,OrionScale Data,Security vendor,Customer PII,ISO27001;PCI-DSS,2026-03-16,Recent,False,B,True,60,433000,2026-03-22,2029-03-21,On-prem/Other,Twilio
V0288,SummitScale Labs,Data platform,Public/Marketing,ISO27001;PCI-DSS,2024-09-01,Recent,False,B,True,61,637000,2024-03-03,2028-03-02,AWS,SendGrid
V0289,AtlasStone Software,Software vendor,Internal systems,SOC2;ISO27001,2027-01-06,None,False,A,True,47,465000,2024-01-27,2027-01-26,GCP,Twilio
V0290,BlueForge HR,Software vendor,Logs/Telemetry,PCI-DSS,2024-06-05,None,False,A,True,47,2870000,2025-07-18,2028-07-17,AWS,Cloudflare
V0291,FalconFlow HR,Managed service provider,Customer PII,PCI-DSS;SOC2,2026-07-17,None,False,A,True,46,2040000,2025-05-29,2028-05-28,Azure,Okta
V0292,LumenByte Labs,Data platform,Customer PII,ISO27001;PCI-DSS,2025-07-02,None,False,A+,True,45,656000,2025-04-16,2027-04-16,GCP,None
V0293,NorthPoint Networks,Data platform,Internal systems,none,2024-06-20,None,False,B,False,31,630000,2026-04-08,2028-04-07,GCP,Twilio
V0294,SummitStone Labs,Software vendor,Internal systems,none,2027-01-20,None,False,A,True,55,354000,2025-10-24,2027-10-24,AWS,None
V0295,LumenSphere Partners,Security vendor,Customer PII,PCI-DSS,2025-03-20,Old,False,A-,True,46,1708000,2025-12-04,2028-12-03,GCP,Okta
V0296,CobaltLink Software,Integration partner,Customer PII,SOC2,2026-08-16,None,False,D,True,70,312000,2023-08-05,2027-08-04,Azure,None
V0297,SilverLink Solutions,Payment processor,Public/Marketing,SOC2,2024-06-14,None,False,B,True,39,759000,2024-09-04,2026-09-04,AWS,Okta
V0298,SummitSphere Digital,Integration partner,Financial data,PCI-DSS,2026-01-17,None,False,B,True,52,275000,2025-12-04,2028-12-03,AWS,Cloudflare
V0299,NimbusLink Digital,Backup/Storage,Internal systems,none,2026-04-02,None,False,A-,False,72,1662000,2026-02-08,2030-02-07,AWS,Okta
V0300,NimbusPoint Security,Security vendor,Public/Marketing,none,2024-04-24,None,False,C,False,41,583000,2026-03-14,2028-03-13,Azure,Stripe
V0301,VertexByte Solutions,Data platform,Financial data,PCI-DSS,2026-04-22,None,False,A-,True,18,737000,2024-07-16,2028-07-15,AWS,Stripe
V0302,HelixCore Technologies,Payment processor,Customer PII,SOC2,2026-02-07,Recent,False,A-,False,29,833000,2023-08-07,2027-08-06,AWS,Stripe
V0303,ApexLink Labs,Security vendor,Customer PII,PCI-DSS;SOC2,2026-01-31,None,False,A-,False,46,333000,2026-01-21,2030-01-20,GCP,None
V0304,AcmeForge Security,HR platform,Financial data,ISO27001,2026-01-22,None,False,A,True,28,560000,2024-07-07,2027-07-07,Azure,Twilio
V0305,SilverPath Software,Software vendor,Internal systems,ISO27001,2026-06-11,Old,False,A-,False,41,642000,2024-05-28,2028-05-27,AWS,Okta
V0306,AcmeVault Cloud,Software vendor,Financial data,PCI-DSS;ISO27001,2025-03-29,None,False,C,True,46,3955000,2025-11-12,2028-11-11,Azure,Okta
V0307,AcmePoint Solutions,Backup/Storage,Logs/Telemetry,SOC2,2025-12-24,None,False,A-,True,51,731000,2024-06-14,2027-06-14,AWS,Okta
V0308,HelixLedger Solutions,Security vendor,Internal systems,none,2026-08-29,None,False,A-,False,70,348000,2025-11-27,2028-11-26,Azure,Stripe
V0309,OnyxLedger Networks,Integration partner,Financial data,PCI-DSS;ISO27001,2024-10-17,None,False,B,False,47,470000,2023-07-30,2025-07-29,Azure,Cloudflare
V0310,QuantumCore Digital,Cloud provider,Customer PII,ISO27001;PCI-DSS,2024-06-18,None,False,A+,True,40,851000,2025-07-11,2029-07-10,GCP,SendGrid
V0311,ApexVault Partners,Payment processor,Customer PII,ISO27001;PCI-DSS,2025-07-12,Recent,False,A,True,43,611000,2026-04-05,2030-04-04,On-prem/Other,Stripe
V0312,OrionPath Cloud,Cloud provider,Internal systems,SOC2;ISO27001,2027-01-23,None,False,A-,False,8,1310000,2024-07-09,2028-07-08,AWS,Stripe
V0313,MeridianByte Technologies,Payment processor,Logs/Telemetry,ISO27001,2026-05-16,None,False,D,True,54,155000,2025-07-01,2029-06-30,GCP,SendGrid
V0314,SterlingGrid Payments,Managed service provider,Logs/Telemetry,ISO27001,2026-03-24,None,False,B,False,54,816000,2024-04-24,2026-04-24,AWS,SendGrid
V0315,IronForge Solutions,Integration partner,Internal systems,SOC2,2024-07-11,None,False,B,True,21,762000,2024-09-26,2027-09-26,Azure,Cloudflare
V0316,GraniteScale Consulting,HR platform,Logs/Telemetry,SOC2,2025-04-23,None,True,D,False,55,1078000,2023-09-04,2027-09-03,Azure,Stripe
V0317,ApexLedger Cloud,Backup/Storage,Internal systems,PCI-DSS,2025-10-10,None,False,A+,False,55,843000,2026-02-25,2029-02-24,AWS,Okta
V0318,CobaltByte Partners,Contractor/Consultant,Public/Marketing,none,2026-08-11,None,False,A-,False,57,845000,2023-10-20,2026-10-19,On-prem/Other,None
V0319,BlueLink Systems,Data platform,Internal systems,ISO27001;PCI-DSS,2025-02-01,None,False,A,True,43,4385000,2024-05-15,2026-05-15,Azure,None
V0320,CedarLogic Solutions,Managed service provider,Public/Marketing,SOC2;ISO27001,2025-01-18,None,False,A-,False,41,54000,2024-09-07,2027-09-07,AWS,Twilio
V0321,AcmePath Consulting,Contractor/Consultant,Logs/Telemetry,PCI-DSS,2025-09-15,None,False,B,False,75,974000,2024-12-12,2028-12-11,Azure,Cloudflare
V0322,NimbusPath Cloud,Backup/Storage,Logs/Telemetry,none,2026-09-08,None,False,A+,False,68,239000,2024-09-18,2027-09-18,AWS,Okta
V0323,LumenFlow Partners,HR platform,Logs/Telemetry,none,2026-07-04,None,False,B,True,30,932000,2025-09-06,2029-09-05,AWS,Twilio
V0324,HelixShift Security,Integration partner,Public/Marketing,ISO27001;PCI-DSS,2026-04-30,None,False,C,True,23,406000,2024-02-16,2027-02-15,On-prem/Other,Twilio
V0325,VertexLogic HR,Software vendor,Financial data,SOC2,2026-06-06,None,False,B,True,44,1494000,2024-11-07,2026-11-07,AWS,Okta
V0326,NorthLogic Labs,HR platform,Customer PII,none,2025-01-17,None,False,A-,True,45,1206000,2026-04-14,2030-04-13,Azure,None
V0327,DeltaScale Software,Software vendor,Financial data,ISO27001;SOC2,2024-03-26,Old,False,A+,True,43,3385000,2025-10-18,2028-10-17,Azure,None
V0328,SigmaCore Consulting,Software vendor,Internal systems,PCI-DSS;SOC2,2025-07-23,None,False,B,True,33,3600000,2024-04-16,2027-04-16,AWS,SendGrid
V0329,SummitWind Data,Data platform,Customer PII,PCI-DSS,2025-07-05,None,False,A-,True,71,52000,2024-05-27,2026-05-27,AWS,None
V0330,GraniteForge Networks,Data platform,Public/Marketing,PCI-DSS,2025-12-05,Old,False,A,False,5,515000,2026-03-13,2029-03-12,GCP,SendGrid
V0331,NorthLedger Consulting,Cloud provider,Financial data,ISO27001;SOC2,2026-11-17,Recent,False,B,True,16,79000,2025-03-02,2028-03-01,AWS,None
V0332,AcmeStack Software,Software vendor,Logs/Telemetry,SOC2;PCI-DSS,2025-05-09,None,False,B,True,52,374000,2024-03-25,2028-03-24,AWS,Twilio
V0333,SigmaLedger Cloud,Data platform,Customer PII,none,2026-09-26,None,False,A-,True,45,1446000,2025-08-05,2027-08-05,AWS,Twilio
V0334,QuantumSphere Data,Cloud provider,Customer PII,SOC2,2025-07-19,None,True,C,False,82,211000,2025-08-24,2029-08-23,On-prem/Other,SendGrid
V0335,AtlasGuard Networks,Security vendor,Internal systems,SOC2,2026-08-09,None,False,A-,True,74,178000,2026-01-23,2028-01-23,Azure,Twilio
V0336,HarborPoint Cloud,Software vendor,Customer PII,SOC2,2027-01-27,None,False,B,False,47,753000,2023-10-24,2027-10-23,Azure,Stripe
V0337,IronWave Analytics,Software vendor,Customer PII,SOC2,2025-02-16,Recent,False,A,True,46,326000,2025-02-03,2029-02-02,AWS,Stripe
V0338,GraniteSync Solutions,Software vendor,Customer PII,SOC2;ISO27001,2026-06-21,None,False,B,True,48,380000,2024-05-18,2026-05-18,GCP,SendGrid
V0339,SilverLedger Partners,Data platform,Public/Marketing,none,2024-04-23,None,False,A-,True,20,29000,2023-11-27,2027-11-26,GCP,Twilio
V0340,CrimsonByte HR,Payment processor,Customer PII,SOC2;ISO27001,2024-05-29,None,False,B,True,31,1688000,2025-10-03,2028-10-02,AWS,Okta
V0341,PinnacleFlow Labs,Contractor/Consultant,Customer PII,SOC2;ISO27001,2025-07-11,None,False,A-,True,28,978000,2025-07-12,2029-07-11,AWS,Stripe
V0342,GraniteScale Digital,Data platform,Financial data,none,2024-11-05,None,False,B,True,40,1710000,2025-02-21,2029-02-20,AWS,None
V0343,LumenSync HR,Cloud provider,Financial data,SOC2,2025-03-09,None,False,B,True,44,156000,2024-06-05,2026-06-05,Azure,SendGrid
V0344,FalconFlow Security,Security vendor,Customer PII,ISO27001,2024-05-30,None,False,A,True,27,396000,2024-05-14,2027-05-14,AWS,Cloudflare
V0345,LumenPath HR,Contractor/Consultant,Internal systems,PCI-DSS;SOC2,2026-03-07,Recent,False,C,True,89,93000,2025-09-10,2027-09-10,AWS,Cloudflare
V0346,GraniteWind Solutions,Integration partner,Internal systems,ISO27001;PCI-DSS,2024-11-17,None,False,C,False,72,208000,2025-12-14,2027-12-14,GCP,Twilio
V0347,PinnacleStack Analytics,HR platform,Logs/Telemetry,PCI-DSS,2024-04-06,Recent,False,B,True,48,190000,2024-11-05,2026-11-05,AWS,None
V0348,OrionCore Networks,Data platform,Internal systems,PCI-DSS,2025-08-20,None,False,A-,True,62,3620000,2025-06-11,2027-06-11,AWS,Okta
V0349,SummitPath Data,Cloud provider,Financial data,ISO27001,2024-09-20,None,False,D,True,37,1052000,2025-06-28,2028-06-27,On-prem/Other,Okta
V0350,AtlasLink Consulting,Backup/Storage,Internal systems,PCI-DSS,2026-05-30,None,False,B,True,94,722000,2025-09-03,2029-09-02,AWS,Okta
V0351,IronPoint Analytics,Software vendor,Customer PII,PCI-DSS,2024-04-13,None,False,A-,True,51,2652000,2023-10-22,2027-10-21,Azure,Okta
V0352,NimbusSphere Partners,Managed service provider,Customer PII,ISO27001;SOC2,2024-11-02,None,False,A+,True,56,368000,2024-05-02,2027-05-02,On-prem/Other,None
V0353,HelixGrid Security,Managed service provider,Customer PII,ISO27001;PCI-DSS,2026-06-15,Recent,False,A-,False,62,1074000,2025-12-07,2029-12-06,Azure,Okta
V0354,PinnacleLedger Software,Managed service provider,Internal systems,SOC2;PCI-DSS,2025-02-04,None,False,A+,True,65,869000,2024-08-07,2027-08-07,Azure,Cloudflare
V0355,CobaltCore Consulting,Security vendor,Internal systems,ISO27001;PCI-DSS,2026-03-25,None,False,B,False,52,519000,2025-12-06,2029-12-05,Azure,Cloudflare
V0356,GraniteLogic Data,Security vendor,Financial data,SOC2;ISO27001,2026-04-28,None,False,A-,False,62,1828000,2025-07-18,2028-07-17,AWS,Twilio
V0357,OrionStone Solutions,Contractor/Consultant,Internal systems,none,2026-02-24,None,False,A-,True,79,1035000,2024-07-13,2028-07-12,On-prem/Other,SendGrid
V0358,OrionByte Cloud,Software vendor,Customer PII,ISO27001;PCI-DSS,2026-04-28,None,False,A-,True,70,866000,2025-04-01,2029-03-31,Azure,None
V0359,OnyxWave Digital,Managed service provider,Customer PII,SOC2;ISO27001,2025-04-13,None,False,C,True,69,1650000,2024-05-21,2026-05-21,Azure,Okta
V0360,IronCore Labs,Software vendor,Public/Marketing,SOC2,2026-10-19,None,False,B,True,13,116000,2025-03-15,2027-03-15,AWS,SendGrid
V0361,CobaltStone Systems,Contractor/Consultant,Customer PII,none,2026-07-17,Old,False,A-,True,62,44000,2025-10-18,2027-10-18,GCP,None
V0362,AtlasSphere Technologies,Managed service provider,Customer PII,SOC2;PCI-DSS,2026-02-28,Old,False,A-,True,44,57000,2025-10-01,2027-10-01,On-prem/Other,None
V0363,QuantumPoint Consulting,Data platform,Customer PII,ISO27001,2024-11-09,None,False,B,True,95,492000,2025-09-08,2029-09-07,AWS,None
V0364,BlueScale Analytics,Managed service provider,Financial data,PCI-DSS,2025-06-27,None,False,C,False,89,582000,2024-01-08,2027-01-07,On-prem/Other,Stripe
V0365,HarborLogic Consulting,Integration partner,Customer PII,PCI-DSS;SOC2,2025-01-05,None,False,A+,False,61,1452000,2025-09-25,2029-09-24,On-prem/Other,None
V0366,NimbusFlow Partners,Data platform,Financial data,ISO27001,2024-06-08,None,False,B,False,57,1866000,2024-10-09,2028-10-08,On-prem/Other,Stripe
V0367,MeridianForge Solutions,Software vendor,Internal systems,none,2024-06-28,None,False,A-,False,58,865000,2025-12-03,2028-12-02,Azure,None
V0368,SterlingCore Partners,HR platform,Logs/Telemetry,PCI-DSS;ISO27001,2024-08-15,None,False,A-,False,58,1062000,2024-11-02,2028-11-01,AWS,None
V0369,BlueGrid HR,Data platform,Financial data,ISO27001,2024-10-02,None,False,A-,True,14,920000,2025-05-20,2028-05-19,AWS,Twilio
V0370,CrimsonLogic Consulting,Payment processor,Internal systems,PCI-DSS,2026-05-11,None,False,A,True,38,1240000,2024-03-09,2028-03-08,Azure,None
V0371,CrimsonStone Labs,Security vendor,Financial data,SOC2;ISO27001,2025-02-06,None,False,C,True,40,1325000,2024-11-30,2026-11-30,Azure,Cloudflare
V0372,ApexWave Analytics,Software vendor,Internal systems,none,2024-11-12,None,False,B,True,66,35000,2023-09-03,2027-09-02,AWS,Twilio
V0373,AcmeLogic Systems,Backup/Storage,Customer PII,PCI-DSS,2025-05-01,None,False,A,True,65,4410000,2025-11-18,2029-11-17,AWS,Twilio
V0374,HarborGuard Partners,Security vendor,Customer PII,SOC2;ISO27001,2025-09-14,None,False,A-,False,49,904000,2025-02-16,2028-02-16,GCP,SendGrid
V0375,PinnaclePath Analytics,Software vendor,Financial data,ISO27001,2026-03-23,Recent,False,B,True,39,466000,2023-09-07,2026-09-06,On-prem/Other,Cloudflare
V0376,PinnacleStack Data,HR platform,Internal systems,SOC2,2025-11-20,None,False,A+,True,50,879000,2023-11-12,2026-11-11,AWS,None
V0377,PinnacleShift Payments,Contractor/Consultant,Customer PII,SOC2;ISO27001,2025-11-24,None,False,A,True,53,1024000,2023-11-10,2026-11-09,On-prem/Other,Okta
V0378,HarborShift Consulting,Payment processor,Internal systems,none,2024-07-05,None,False,A-,False,89,336000,2024-08-19,2026-08-19,GCP,Stripe
V0379,VertexVault Payments,Backup/Storage,Customer PII,none,2024-06-06,Old,False,C,True,75,816000,2023-07-10,2025-07-09,AWS,Okta
V0380,CrimsonVault Security,Security vendor,Customer PII,SOC2,2026-08-21,None,False,B,True,8,866000,2024-11-17,2028-11-16,AWS,Cloudflare
V0381,OnyxGrid Networks,Backup/Storage,Public/Marketing,SOC2;ISO27001,2024-07-27,None,False,A,True,99,150000,2025-12-31,2029-12-30,On-prem/Other,SendGrid
V0382,GraniteSync HR,Security vendor,Customer PII,ISO27001;PCI-DSS,2027-03-11,Recent,False,A,True,58,323000,2025-10-19,2027-10-19,AWS,None
V0383,NimbusGrid Security,Cloud provider,Public/Marketing,ISO27001;PCI-DSS,2024-12-02,Old,False,A-,False,12,859000,2025-05-28,2029-05-27,AWS,Okta
V0384,OnyxLink Networks,Backup/Storage,Logs/Telemetry,SOC2,2024-09-30,None,False,A,False,72,438000,2024-08-04,2027-08-04,Azure,Okta
V0385,SigmaByte Payments,HR platform,Financial data,ISO27001;PCI-DSS,2026-06-27,None,False,C,False,68,101000,2023-12-25,2026-12-24,AWS,None
V0386,IronWind Cloud,Data platform,Internal systems,SOC2,2024-08-22,None,False,A+,True,20,65000,2024-01-21,2028-01-20,AWS,Twilio
V0387,CrimsonWave Cloud,Backup/Storage,Financial data,ISO27001;PCI-DSS,2026-07-28,None,False,B,False,86,309000,2023-07-14,2026-07-13,AWS,None
V0388,ApexFlow Digital,Software vendor,Logs/Telemetry,none,2025-10-07,None,False,A-,False,39,393000,2023-09-26,2025-09-25,AWS,Okta
V0389,LumenFlow Data,Integration partner,Financial data,SOC2,2026-09-13,None,False,A-,True,72,635000,2026-01-18,2028-01-18,AWS,SendGrid
V0390,OrionByte HR,Payment processor,Internal systems,PCI-DSS,2024-06-21,Old,False,A,True,42,106000,2024-07-11,2028-07-10,Azure,Okta
V0391,SterlingLogic Payments,Data platform,Customer PII,ISO27001,2025-08-25,Recent,False,B,True,73,1005000,2023-11-11,2025-11-10,AWS,None
V0392,LumenPoint Cloud,Software vendor,Customer PII,ISO27001,2025-10-11,None,False,B,True,11,931000,2023-07-13,2025-07-12,AWS,None
V0393,AcmeByte Systems,Contractor/Consultant,Customer PII,SOC2,2024-05-20,Recent,False,A+,True,44,553000,2025-04-17,2028-04-16,On-prem/Other,Cloudflare
V0394,ApexWave Digital,Integration partner,Public/Marketing,none,2025-06-03,None,False,B,True,40,3450000,2023-08-13,2026-08-12,Azure,Twilio
V0395,BlueSphere Networks,Contractor/Consultant,Logs/Telemetry,PCI-DSS;SOC2,2026-01-19,Recent,False,C,True,44,435000,2024-03-01,2026-03-01,On-prem/Other,None
V0396,SummitLedger Digital,Security vendor,Customer PII,PCI-DSS;SOC2,2026-07-24,None,False,A+,True,87,4200000,2024-07-25,2028-07-24,Azure,Stripe
V0397,SummitLogic Networks,Data platform,Internal systems,ISO27001,2026-09-24,None,False,A,False,35,220000,2026-01-29,2030-01-28,AWS,Cloudflare
V0398,SterlingLogic Software,HR platform,Internal systems,ISO27001,2026-10-16,Recent,False,A+,True,38,145000,2024-08-14,2026-08-14,Azure,Twilio
V0399,BlueForge Systems,Managed service provider,Financial data,PCI-DSS,2025-10-25,None,False,A+,True,52,3460000,2023-09-17,2025-09-16,GCP,None
V0400,FalconCore Analytics,Payment processor,Internal systems,PCI-DSS;ISO27001,2025-04-27,Old,False,C,True,48,231000,2025-04-07,2027-04-07,Azure,SendGrid
